imageId,origin_width,origin_height,new_width,new_height
074eb84b53e949d6,681,1024,256,256
075004c7ef7c5d92,1024,886,256,256
07527c6a28691f30,1024,778,256,256
0752bf917f560f1f,1024,768,256,256
07575d3d00b07264,684,1024,256,256
075885b494e17403,683,1024,256,256
075a18d190bc46a7,1024,683,256,256
075d72a7685c322a,699,1024,256,256
0762216f6bb91b7e,683,1024,256,256
07662956470dc0fa,768,1024,256,256
07664548cf6bec4a,1024,683,256,256
076bca64db83e638,1024,685,256,256
076ca4b8cc8fe9c5,1024,765,256,256
076daff6354a839b,752,1024,256,256
076e9c5fdeaeac55,789,1024,256,256
07713d77fddbd215,1024,683,256,256
07738faed075c567,821,1024,256,256
0773edb793fca224,731,1024,256,256
0776a500e2041272,1024,682,256,256
0777838554ecb1eb,692,1024,256,256
077a494058978560,683,1024,256,256
077bcd8837806587,1024,768,256,256
077df6c00f5a8c66,830,1024,256,256
07809add012818d4,1024,768,256,256
0782d3283ba49843,1024,768,256,256
0783602580cdedd8,1024,682,256,256
07852131a97a5b8f,683,1024,256,256
078725f55951a103,1024,768,256,256
0788060284a1deb3,1024,683,256,256
078f986d696c90da,1024,767,256,256
07903aab743b9fc3,1024,683,256,256
0791ecbaefe7e97a,1024,681,256,256
0793eee68c937868,1024,685,256,256
0797518412379516,823,1024,256,256
0798971e3fc31a98,768,1024,256,256
079f4291f0f22816,1024,455,256,256
07a0f01c5dd1a604,1024,684,256,256
07a22bb89375a640,683,1024,256,256
07a2e4e92d633d8b,1024,835,256,256
07a5ec50269f48ad,683,1024,256,256
07a9a148f6d74bb5,768,1024,256,256
07aa92791c7f97f8,1024,746,256,256
07abc71ef8c5b4d1,1024,768,256,256
07ac68bb61036bf1,683,1024,256,256
07ad5571bea93d77,1024,683,256,256
07ae90c598f9659a,683,1024,256,256
07b14cabad7c021b,1024,768,256,256
07b2e18e5910db1b,1024,680,256,256
07b32f4bbf8c6b77,789,1024,256,256
07b399966df4e2d6,1024,683,256,256
07b73b560851675a,683,1024,256,256
07b7f6696fd41c61,1024,597,256,256
07b88dc6ed21d8e2,1024,768,256,256
07b8fc5be3f75338,1024,768,256,256
07c042e572e19bdf,768,979,256,256
07c04563b5e8ecec,1024,682,256,256
07c18a62dc7912b8,1024,683,256,256
07c8f75116bc8d26,623,1024,256,256
07ca0000443e674d,683,1024,256,256
07cac58abce67dc1,745,1024,256,256
07ccbd2c310cb507,1024,683,256,256
07cd5477d119d7d5,683,1024,256,256
07cde9685a0f40b0,1024,685,256,256
07ce4030afd67fe5,683,1024,256,256
07d018be3d4f3544,768,1024,256,256
07d4afdfd423a457,1024,681,256,256
07d572c0c28cb8f4,1024,683,256,256
07d6485708c316dc,1024,681,256,256
07d72f123a0f9411,1024,768,256,256
07dfb6e7740b89a2,1024,683,256,256
07e03f4f53129bc3,1024,679,256,256
07e27fd75c535d68,1024,802,256,256
07e39e393ec3d3a6,683,1024,256,256
07e525ff27c7bc60,683,1024,256,256
07e5f6f6b23dfe9d,1024,683,256,256
07e6c5c95665d74f,1024,683,256,256
07e7b25a0179f67d,1024,576,256,256
07e87f7402fe4262,768,1024,256,256
07e8f769fddb7fe2,683,1024,256,256
07eb4c0bad43bc4a,1024,693,256,256
07ec19781e97490a,1024,680,256,256
07edf114bd26ccff,686,1024,256,256
07f03c6a307b0bdc,1024,672,256,256
07f147e860197bf8,1024,685,256,256
07f27bd30a54fc75,976,1024,256,256
07f5a3b4de97eebd,680,1024,256,256
07f6092d7336b09f,1024,683,256,256
07f9d468769e1de5,683,1024,256,256
07fa6323a6c1fac8,1024,683,256,256
07fca2ee224e55d8,683,1024,256,256
07ff38afa790125e,1024,680,256,256
0800f9d9ea1f1b41,1024,683,256,256
0802a871d1fe7ef2,768,1024,256,256
080436707990d501,1024,683,256,256
0806093234d5ae45,819,1024,256,256
080624a0e478693e,1024,681,256,256
0808df5767c5da67,1024,683,256,256
080fb36c704663b2,682,1024,256,256
0812b3a65c3f08c7,1024,686,256,256
08153fed17dc5d4a,1024,681,256,256
08156760803e6324,1024,1024,256,256
0817b450c2c99273,835,1024,256,256
081b402ff031bfe5,1024,1024,256,256
081cae851a8ac827,1024,768,256,256
081f295116d032b0,686,1024,256,256
08203b760afa194c,1024,683,256,256
082179636da387cc,1024,681,256,256
0823052553a834be,685,1024,256,256
08234356d2758869,819,1024,256,256
08255c3780981e18,1024,684,256,256
0826e3078e2728c7,1024,720,256,256
082777d94b007b78,1024,1024,256,256
0827e6de82904467,1024,1024,256,256
08289567e06a00e2,683,1024,256,256
08298ccc794a7634,683,1024,256,256
082b2a8096f30a4c,682,1024,256,256
082b45d744dbedcb,1024,765,256,256
082c07537ee9ff95,1024,686,256,256
0831589e7a855270,1024,683,256,256
083304eb0ca3ada1,1024,685,256,256
0833ff3f18087b33,1024,768,256,256
083638661a27913b,1024,682,256,256
08375ff7700b03c5,1024,683,256,256
0838c0b8bd3ac46b,1024,768,256,256
083a34b5cb0b348f,1024,679,256,256
083d05a71a2466e4,1024,1024,256,256
083d18012cb48449,1024,689,256,256
083e9b66e66c30b9,613,1024,256,256
0842d9e0da3a8bdb,1024,690,256,256
08437d53a3ede440,703,1024,256,256
08471a3963248f16,1024,739,256,256
0849b294614b3e53,1024,768,256,256
084f75ad24863fe2,1024,506,256,256
08527509572bd266,640,1024,256,256
085445935ec386b0,1024,668,256,256
08551dfa5363221c,1024,681,256,256
08583b09476992e9,1024,790,256,256
085ae56f2cb50a6e,1024,637,256,256
085b0a32174985b5,622,1024,256,256
085bee207f607846,679,1024,256,256
085bf8ce1cb11f12,1024,768,256,256
085cc6bfac3be43e,1024,992,256,256
085d306192c1a4ce,1024,678,256,256
085e5f2258b79abd,1024,630,256,256
0861dbe22d78f72d,1024,683,256,256
0862d3cf03396a9a,688,1024,256,256
0864e99625c916c5,1024,1024,256,256
086741b6ae444feb,683,1024,256,256
08683e4adb9249ef,1024,560,256,256
08691c19f2fc840a,685,1024,256,256
086bd8319eb99391,671,1024,256,256
086f9107ba8e469b,1024,681,256,256
08703f2192713d96,1024,685,256,256
0871410398323b01,626,1024,256,256
087195b1be32d868,1024,768,256,256
0871ad6929eeb40d,1024,682,256,256
0873328a66e9127a,683,1024,256,256
08734cf21d5c9725,1024,790,256,256
08794d57f147a27b,683,1024,256,256
087b54062497ec04,1024,678,256,256
087bf95754d2f7b8,768,1024,256,256
087f07bf264152f4,1024,769,256,256
087f6b63dd330bf9,750,1024,256,256
0882ec9fb601f3f5,1024,1024,256,256
088549ed52cfac30,728,1024,256,256
088877819562ad3a,1024,726,256,256
0888feb7241a8226,914,1024,256,256
088a1ff9299190ba,768,1024,256,256
088a4aa786c91c8b,1024,717,256,256
088a9fee6ce40e3d,681,1024,256,256
088f247020f7cef5,1024,693,256,256
089134f321ee65c6,683,1024,256,256
08923a2045613c2e,1024,768,256,256
08925379dde80592,683,1024,256,256
0892fc25e6a8b503,683,1024,256,256
08953fb4a38d68e0,1024,768,256,256
089551e83c094a8e,1024,681,256,256
0899a6920af62147,1024,683,256,256
089a4809d711ba37,1024,680,256,256
089c3c1026035017,1024,681,256,256
089e7eb666ad3d5c,1024,679,256,256
089e8c1abea60526,1024,682,256,256
08a70f5a18b63ab8,1024,683,256,256
08a752163e30c8b4,1024,473,256,256
08a8a257b27d986e,1024,685,256,256
08aa0ad0e7bae3cb,1024,768,256,256
08b08aab3d6c1eee,1024,674,256,256
08b3329e3b3c51a8,1024,683,256,256
08b3655327c309b6,1024,683,256,256
08b3c3d0f556ddd2,625,1024,256,256
08b3d3d8c1ea973b,1024,683,256,256
08b591fe39c9ed2a,1024,685,256,256
08b6a2e4b78426a9,1024,768,256,256
08b7435a7d4c7a43,1024,683,256,256
08bb87eefa088062,1024,512,256,256
08bdb37b8cfffc1a,1024,1024,256,256
08be68c3dd3bfb6b,937,1024,256,256
08c08d0251184cf8,1024,683,256,256
08c285f327685056,1024,683,256,256
08c545d6ec0edb73,1024,680,256,256
08c6ca8f92ff1ce9,1024,683,256,256
08c88277dbd754b4,1024,683,256,256
08ca6dd306609bca,1024,683,256,256
08cbe225843e2b76,1024,683,256,256
08cec74e37721b1d,1024,683,256,256
08d123d091efe6dc,1024,768,256,256
08d33097c0d069b6,768,1024,256,256
08d40d4e6b9418a0,1024,683,256,256
08d459c9759d98b4,685,1024,256,256
08d9e00c4c027f3b,1024,602,256,256
08da3348765a1252,683,1024,256,256
08db76f6e19dc282,1024,741,256,256
08dc3a0576548d9f,1024,683,256,256
08e099db21d25218,1024,683,256,256
08e3a6783bbd68fb,715,1024,256,256
08e3bbb4dfe06eda,1024,683,256,256
08e63c3d11239c59,1024,768,256,256
08ec01e063fcc2b3,718,1024,256,256
08ed45985e83a8df,1024,768,256,256
08ee4d67e6bad19a,644,1024,256,256
08f02c50d61c5b07,706,1024,256,256
08f0311acbabaf4d,680,1024,256,256
08f8ab61732876a8,1024,681,256,256
08fafb039e748bf7,597,1024,256,256
08fcffc191732f13,1024,681,256,256
08fdc3b0ae1fff32,1024,684,256,256
08fdeab271b16340,768,1024,256,256
0903de6b6bb501a8,806,1024,256,256
0904d79d37efb80b,881,1024,256,256
0906c074ba7f14e0,1024,704,256,256
0907a1df45b227ad,1024,682,256,256
090aa8acb7def106,680,1024,256,256
090dabca781065e4,1024,1024,256,256
090de66b84906f14,768,1024,256,256
0911c3e39d3d90fe,678,1024,256,256
09135cc6456fb8f1,1024,681,256,256
09150b8625ce80fe,683,1024,256,256
09188cfd5366ce23,686,1024,256,256
0918a9615b9c3b5a,1024,683,256,256
0918ff323a427263,681,1024,256,256
091ccb9123a35adf,767,1024,256,256
091d00b10a1ded3a,1024,686,256,256
091e27cf8dd09645,768,1024,256,256
0921975851cc4d19,683,1024,256,256
0922a9d249107c66,1024,768,256,256
09266d20fcd3d807,1024,841,256,256
0926af755340b6f1,682,1024,256,256
0926cbf23c5c160e,683,1024,256,256
09270d1ea2ca53bc,1024,688,256,256
09273697417e62b7,768,1024,256,256
092919952b5cee75,1024,683,256,256
0929cf7f602125a4,834,1024,256,256
092b096139717614,1024,681,256,256
0930508735f3e5bb,1024,684,256,256
0931e3fc2128ce3a,1024,713,256,256
09320b9782896a95,972,768,256,256
093628b4cd54bde4,1024,683,256,256
0938440e0d9cfb82,683,1024,256,256
093866a636643197,1024,768,256,256
0939b8a1d8a3e8a7,683,1024,256,256
093b988169436801,1024,683,256,256
093c151a2ac70ac1,1024,682,256,256
093cb48001204236,1024,683,256,256
093fe6215a27475b,686,1024,256,256
094287a4e305a1bd,768,1024,256,256
0942b55c6aa2d4d8,1024,683,256,256
0945d09904662605,1024,678,256,256
094ad37217d2a970,1024,683,256,256
094d848b74457f02,1024,731,256,256
094ed7128f917a1c,1024,683,256,256
095611f80f8b388f,1024,683,256,256
0957850f9d0e2e81,685,1024,256,256
09597fa282ba06b8,682,1024,256,256
095b2af602947787,1024,683,256,256
095b2ffc3f2f480a,1024,1024,256,256
095b8c06497babec,1024,683,256,256
095e22585e5b3b73,1024,683,256,256
095fd657d7e0738b,1024,768,256,256
0966ddfadc65ba9a,1024,688,256,256
0968281e3f938b83,1024,683,256,256
096a7bb3d804b178,1024,683,256,256
096c4d9f375f4a17,678,1024,256,256
096fd1a58b8bd6fe,1024,512,256,256
09703618c76b46fc,1024,682,256,256
097555e464324158,1024,819,256,256
09765031477d94e4,684,1024,256,256
0976c6244cb7a361,681,1024,256,256
0976f3f991f5ffe7,768,768,256,256
09771b56765a9883,1024,1024,256,256
0977e14b2ce764d6,819,1024,256,256
0979b38ae4b9dd79,1024,683,256,256
097a1b5ff063fedf,1024,683,256,256
097c6b8e2e43cdfc,683,1024,256,256
097d1ebac5002b5e,1024,670,256,256
097ee496f3cb1fec,680,1024,256,256
097fc3a5ad0c47d9,1024,683,256,256
0981aa66444dc0ab,1024,683,256,256
0981eee5a1617f53,1024,685,256,256
098548a61a2270e0,683,1024,256,256
098605eece8cfaea,681,1024,256,256
09862b9ad3867cd3,1024,682,256,256
098910156cd6cae6,1024,713,256,256
098ca2302677fff6,683,1024,256,256
098d603c8d9af025,665,1024,256,256
098f232eff22b4e6,1024,683,256,256
09905adc383528e1,1024,768,256,256
09962ceb1b3902e8,1024,701,256,256
099991023e9225ec,1024,680,256,256
099b0ac84165b04f,768,1024,256,256
099bf8dc35f29c5f,681,1024,256,256
099c7d3b140440d7,682,1024,256,256
099d43f335451f90,708,1024,256,256
09a0a03887556afb,768,1024,256,256
09a5df02d3e3405e,1024,683,256,256
09a66e4cd0a889d3,682,1024,256,256
09a72b14e74b3fac,1024,684,256,256
09abd85dcef47c78,1024,683,256,256
09af1de7f8762215,686,1024,256,256
09b0b66c4795aef5,1017,1024,256,256
09b0be3eeb166fe4,1024,768,256,256
09b13c36f4e343e8,1024,683,256,256
09b183b55fc007e1,1024,680,256,256
09b232e5ecf8656b,1024,679,256,256
09b3bf3015de2c12,1024,680,256,256
09b4c1b4a3c8f03a,683,1024,256,256
09b6a2ce5e100654,1024,683,256,256
09b90db8013fb8c4,1024,683,256,256
09bb1dbb46af35b3,1024,685,256,256
09bb1e890cf406b6,1024,769,256,256
09bd3fb523aec194,1024,683,256,256
09be4594ca3a86f6,1024,685,256,256
09c26c6923866cc5,787,1024,256,256
09c33d2108c6053b,1024,683,256,256
09c99d224381ee7d,683,1024,256,256
09ca4e458f6846fa,1024,683,256,256
09cae0761c7c5fa0,1024,987,256,256
09cd18063bd73c68,1024,756,256,256
09cf3c21ec19b40c,1024,768,256,256
09d1bdafa5dda968,962,1024,256,256
09d20053057f488c,768,1024,256,256
09d40f9a6f1c6de0,1024,681,256,256
09d8f0b1d09cdc26,794,1024,256,256
09db0a59d7119cac,1024,768,256,256
09dbb5d2465a1c31,1024,693,256,256
09dd1d7deb49a85a,1024,689,256,256
09e2f322ed01071e,728,1024,256,256
09e50848cd251e8e,1024,744,256,256
09e529bf7ca86407,1024,683,256,256
09ed889940a070f2,683,1024,256,256
09ede7db8fc812a8,530,1024,256,256
09f3d3c60241947a,683,1024,256,256
09f608481b4eb001,690,1024,256,256
09f80dfdcc898526,1024,683,256,256
09fc7ef6ef00d4e5,1024,683,256,256
09fd11dd314ccd42,1024,683,256,256
0a0694ab06d47318,1024,768,256,256
0a074c436af27554,1024,683,256,256
0a082ce59a77ade9,1024,683,256,256
0a0de47274063ce0,1024,683,256,256
0a0f9b6efbb84617,1024,558,256,256
0a106639bba9d04c,590,1024,256,256
0a10b951f64c12b6,1024,678,256,256
0a1520ccd75e05b7,768,1024,256,256
0a18d9989cde6e6b,1024,683,256,256
0a1b1d7257af2cfc,1024,668,256,256
0a1fb7ea29fc0ddf,1024,683,256,256
0a222bbf74dafdf1,1024,755,256,256
0a24512afb0a9213,1024,731,256,256
0a24bec4e906e390,685,1024,256,256
0a29311de2bd8e63,1024,553,256,256
0a2aeb0c37275db9,768,1024,256,256
0a30616db2d33e40,1024,1024,256,256
0a345be7a57bd2f0,1024,1024,256,256
0a3596d57147c8f8,683,1024,256,256
0a36be4f7532b9ec,1024,678,256,256
0a388b282d9baa55,1024,914,256,256
0a3b162abd84f1c7,1024,768,256,256
0a3d5d739283b58d,1024,768,256,256
0a3e7b5ce27b19d9,1024,768,256,256
0a404ffc551f0c96,1024,681,256,256
0a407f22fbea8cf8,1024,768,256,256
0a413d95357b15e2,722,1024,256,256
0a423d9e7126bbec,768,1020,256,256
0a433185aa4d368b,412,1024,256,256
0a447ae7b72922f1,683,1024,256,256
0a4607d8e27da5b1,1024,768,256,256
0a47cf42af026502,640,1024,256,256
0a493c63bb781ce7,1024,768,256,256
0a4c583592b5a670,1024,768,256,256
0a4d7f53e6a2d6ac,1024,768,256,256
0a4f1361c51969a7,778,1024,256,256
0a5027fdee0e5b4e,646,1024,256,256
0a53117c47a0b544,1024,684,256,256
0a550c5ed484c507,1024,683,256,256
0a560b8fb4721516,1024,996,256,256
0a57128ffa1d59a0,541,1024,256,256
0a5942771b9e278c,1024,683,256,256
0a599922bf5ed57f,1024,768,256,256
0a599dc38d9fb4a7,451,1024,256,256
0a59c3303f5b80b2,1024,677,256,256
0a5c44c5c0628f41,678,1024,256,256
0a5dfc277d171b77,1024,1024,256,256
0a5fbc2c83104330,1024,683,256,256
0a5feb285bcde8d6,1024,683,256,256
0a5ffd530f1db4cd,1024,683,256,256
0a60c991df14c3b3,682,1024,256,256
0a6115c46081ea7d,768,1024,256,256
0a62a24b05a797cf,1024,683,256,256
0a64582af70a8905,1024,768,256,256
0a65005b49407499,1024,682,256,256
0a695ff091e45bf7,683,1024,256,256
0a69a9a077838e27,1024,683,256,256
0a69ed582eade752,1024,768,256,256
0a6d33f136e2e6a8,1024,1024,256,256
0a6e5dfd9371ffee,765,1024,256,256
0a6ee3f513a923f7,1024,664,256,256
0a6fa23e368c686c,765,1024,256,256
0a7030342c89cc08,678,1024,256,256
0a70938722666a21,683,1024,256,256
0a74021d389b3222,648,1024,256,256
0a76d45e2a53f537,816,1024,256,256
0a775cd1e0ac3458,681,1024,256,256
0a78df8263344df4,1024,687,256,256
0a79363199484380,1024,884,256,256
0a7a29da42a13743,1024,681,256,256
0a7cbbe794ea9ad4,1024,683,256,256
0a7ddbb927455e9a,1024,762,256,256
0a7ea6f79cc00b46,1024,680,256,256
0a7ec5eecd761772,1024,768,256,256
0a8972e4075eaba2,1024,683,256,256
0a8d06fe20d548e9,1024,681,256,256
0a8e5960eb66f62e,1024,768,256,256
0a8e91859dd238d4,1024,683,256,256
0a8f8f120e8cfec8,683,1024,256,256
0a9206f56bd2a2d2,1024,1024,256,256
0a927ace9b5cbad2,1024,768,256,256
0a92b76e12332860,819,1024,256,256
0a957d54ce8b082d,1024,765,256,256
0a967c460bcfc333,1024,678,256,256
0a96be4ad28da027,819,1024,256,256
0a99a37f8262f3ee,768,1024,256,256
0a9b14d216dd4f4e,1024,768,256,256
0a9b75b6bd3de9d5,1024,559,256,256
0a9daafff5473e21,683,1024,256,256
0a9ef6bab2d1338a,684,1024,256,256
0a9f2736042b6fdc,768,1024,256,256
0aa0dccc39bf6d41,1024,683,256,256
0aa57a3e5755238f,768,1024,256,256
0aa7cd8e89f1b64f,1024,876,256,256
0aa7e708563b7f0a,1024,1024,256,256
0aa8829488071931,768,1024,256,256
0aa9982e35f548fe,1024,646,256,256
0aaa11ada3743e78,1024,768,256,256
0aaaae9140489e8a,1024,995,256,256
0aabbbc6d4d7fc03,1024,768,256,256
0aad8b08255b4c70,738,1024,256,256
0aafdc2e87586995,1024,769,256,256
0ab23b9775a320e6,736,1024,256,256
0ab2800e152accb7,1024,680,256,256
0ab287570097b327,575,1024,256,256
0ab4349d5721e9e6,1024,577,256,256
0ab49f1d36c14b71,1024,1024,256,256
0ab55f11a065045e,1024,583,256,256
0ab884fca64058fd,1024,632,256,256
0ab948b86dd46828,768,1024,256,256
0aba10726bae255a,768,1024,256,256
0aba545bb86c8c5e,1024,683,256,256
0abaec2ca29fc879,632,1024,256,256
0abbad78b4b9ca5a,682,1024,256,256
0abd3b9298b6a547,1024,686,256,256
0abe9095116ab5ab,1024,683,256,256
0abfe0e7ec65df9e,960,768,256,256
0ac0285b1fea089d,1024,681,256,256
0ac1af512fc1e20e,691,1024,256,256
0ac32df3156cb928,680,1024,256,256
0ac3f3c3d2850fbc,661,1024,256,256
0ac63e9f25fc694e,768,1024,256,256
0aca2e7af5a35c72,1024,698,256,256
0acf625d706db1a5,1024,682,256,256
0acfed3eb44dc066,683,1024,256,256
0ad0087914dcc8ae,683,1024,256,256
0ad0c1ad1132ee5b,1024,768,256,256
0ad311a9cf025234,768,1024,256,256
0ad3430a47d0bbfd,685,1024,256,256
0ad5c903439cc417,683,1024,256,256
0ad7088b5e5054be,768,1024,256,256
0ad7d7b43e5beea4,1024,768,256,256
0ad93a27178b5c8b,1024,748,256,256
0add47a043c64d7f,1024,683,256,256
0adddef62c42bbfb,683,1024,256,256
0adf3919afed1a42,693,1024,256,256
0adf5e6bb9ceafb5,1024,819,256,256
0ae22f5c51df7fd1,1024,768,256,256
0ae6818f0e2e2116,681,1024,256,256
0ae8ba9fe9e521ab,1024,682,256,256
0ae9d9102049b1b0,768,1024,256,256
0aeb4b3f83bae042,1024,685,256,256
0aeb74b206ddbaf5,683,1024,256,256
0aee61e76d4cf3b5,768,1024,256,256
0aefc064a5ce8431,680,1024,256,256
0af0fa5d07e8b62a,673,1024,256,256
0af141a69348eb7f,683,1024,256,256
0af1c55d588dd6de,680,1024,256,256
0af3a38982db7f5d,618,1024,256,256
0af64eaaefeb2dc7,1024,683,256,256
0af6e271438b1803,684,1024,256,256
0af6fb0ae633a7bb,598,1024,256,256
0afd90eff261ea24,1024,819,256,256
0afe42eef69a5bfa,768,1024,256,256
0affa87336ca5162,765,1024,256,256
0affac29cc14d145,1024,693,256,256
0b097425cab9a06c,1024,768,256,256
0b0bd13942f3b904,1024,684,256,256
0b11d5884f20268e,1024,683,256,256
0b13d7f5917e3afb,1024,782,256,256
0b162f7a5bf9b0a8,1024,792,256,256
0b1659869d490dcd,683,1024,256,256
0b1d29576ba613c6,1024,683,256,256
0b229d3a514353cf,1024,685,256,256
0b2665d6b6dd9a62,1024,753,256,256
0b2adca2357aee82,577,1024,256,256
0b2dfd2e9ce45dd8,1024,730,256,256
0b2ea52ccfc6732f,1024,760,256,256
0b2f1de705802d0e,549,1024,256,256
0b2f2587c271a65a,1024,768,256,256
0b32cf0c2df13c53,1024,683,256,256
0b32de5002c6266e,1024,683,256,256
0b37113d29832e97,1024,680,256,256
0b3bad3b30bc6a28,757,1024,256,256
0b3c808a4cb32c3d,978,768,256,256
0b3d510f97471a42,1024,683,256,256
0b3d7668b152001e,1024,768,256,256
0b40d513241a46de,1024,682,256,256
0b45a2e4d6423290,1024,1024,256,256
0b4617973caef8bd,1024,762,256,256
0b48099d56596257,1024,719,256,256
0b4a7b6915f403c7,1024,765,256,256
0b4bce11bb2b1a02,609,1024,256,256
0b4c790206d50246,783,1024,256,256
0b4db7dd7b0f2fb8,768,1024,256,256
0b539fd80aca98c6,1024,768,256,256
0b5f4cf3ddf608fd,736,1024,256,256
0b61061e82bd3d18,1024,678,256,256
0b62e5c34c7ce1d6,1024,683,256,256
0b63f1283955011c,683,1024,256,256
0b6641943409c4b6,1024,768,256,256
0b670fe736610fee,1024,688,256,256
0b6754ba7ea0abb3,1024,680,256,256
0b687757f8c5e079,1024,682,256,256
0b6cbee31c2c5d11,768,1024,256,256
0b6f428edcd19e4b,1024,730,256,256
0b6fda5021e1b463,683,1024,256,256
0b704a6dd6042bdc,1024,1024,256,256
0b70737e926ec065,683,1024,256,256
0b70e0b54012ecf6,693,1024,256,256
0b7255e21965d9bf,768,1024,256,256
0b7295d6d9106d44,1024,850,256,256
0b7b1916bbc5d626,768,1024,256,256
0b7bb315ff0c321c,681,1024,256,256
0b809d598b5720ba,655,1024,256,256
0b81af1215964390,1024,681,256,256
0b82badea5cc0589,685,1024,256,256
0b82dbc23a27475f,633,1024,256,256
0b83b3ad64e260ba,1024,516,256,256
0b877eb00718ced8,1024,681,256,256
0b89824a1ca3e77f,1024,683,256,256
0b8b132fbc544da0,768,1024,256,256
0b8b6c84533c464a,628,1024,256,256
0b8cc6719cc6e688,1024,683,256,256
0b8fbebf542b2ac5,683,1024,256,256
0b91b5a0279bb8c5,1024,768,256,256
0b9254739dd14985,804,1024,256,256
0b97e1628b584376,829,1024,256,256
0b981aade87009d2,683,1024,256,256
0b98aee0ea30e6a5,1024,683,256,256
0b990e2707f356cc,750,1024,256,256
0b9d363a4289992a,1024,687,256,256
0ba2b1571627cc7a,1024,680,256,256
0ba3b2c44edf77d2,683,1024,256,256
0ba80196cf130f31,1024,683,256,256
0ba8bf40a24546c0,1024,768,256,256
0baba69c27ad8d5a,683,1024,256,256
0bad42ef2ed8313a,1024,982,256,256
0badaffb8caa99c6,1024,683,256,256
0bb140ed974b908e,620,1024,256,256
0bb4d3e9a4d271e9,694,1024,256,256
0bc1f883f0caf187,1024,1024,256,256
0bc3155676b6bc94,683,1024,256,256
0bc54be8c4250b60,683,1024,256,256
0bc58c2039738784,683,1024,256,256
0bcb03f944665cf8,681,1024,256,256
0bcb58932b37ce22,680,1024,256,256
0bcc064b968a98c7,1024,768,256,256
0bce0b1f00e69ea6,1024,683,256,256
0bce83a4761b8a99,848,1024,256,256
0bcedf0abdd0a949,1024,724,256,256
0bcf5504a35e8731,790,1024,256,256
0bcf86504ddc8d07,1024,683,256,256
0bd2fde7ce4ff88b,768,1024,256,256
0bd341e4688e4b3c,1024,656,256,256
0bd51b8e3a6027fe,1024,768,256,256
0bd84786a64b7ab6,1024,768,256,256
0bd8c438c5c40e8b,1024,683,256,256
0bdd278a14c474de,1024,768,256,256
0bddafd4a37f9829,615,1024,256,256
0bddf21b267b3791,1024,685,256,256
0be069042e012982,1024,768,256,256
0be471ff6e81118d,1024,768,256,256
0be9f11cadf609fa,686,1024,256,256
0bebe1972ec3fc78,710,1024,256,256
0beece72da8f13b6,1024,683,256,256
0bf48b65da2b1032,1024,895,256,256
0bf6afe5775a3fe0,1024,683,256,256
0bf7702a4e75191e,768,1024,256,256
0bfa795bec25d35a,1024,683,256,256
0bfaffd88ccf59b0,636,1024,256,256
0bfea7064051c629,818,1024,256,256
0bff6246ae85850d,1024,683,256,256
0c03de190fab4379,731,1024,256,256
0c07fd012e2296d5,1024,683,256,256
0c0c4e03158aca8e,679,1024,256,256
0c0fb08b55531ce8,768,1024,256,256
0c11977c3fded79d,1024,1024,256,256
0c12cefa299913f2,1024,684,256,256
0c140841a1b63b17,1024,576,256,256
0c15e09d409844ec,1024,768,256,256
0c1626769afa23a9,1024,768,256,256
0c1997317333906f,685,1024,256,256
0c19d8eaa8ea24d0,768,1024,256,256
0c20ebfcf14908d0,1024,738,256,256
0c2138cecd53140e,1024,678,256,256
0c2261af982bee25,1024,683,256,256
0c22d448a867471d,1024,683,256,256
0c23e671bfc009d5,1024,679,256,256
0c2670ab49f3455a,1024,1024,256,256
0c2ad7a6c6281483,1024,678,256,256
0c2c28926bf14a35,1024,683,256,256
0c2c9c2e1b0b3fe6,1024,768,256,256
0c305c6e92c6e7c0,1024,768,256,256
0c308016988b7809,1024,768,256,256
0c3080aabe856f8c,1024,577,256,256
0c33a0b2fdab472a,1024,427,256,256
0c356d3ba5b77178,683,1024,256,256
0c3af5e4ce6be7c9,1024,768,256,256
0c3bc04e94650e82,1024,650,256,256
0c3d871a6057cbc0,683,1024,256,256
0c3e66f20e7b7e06,1024,1024,256,256
0c3ecfe49ec900a1,1024,683,256,256
0c4441233ba2d24c,1024,670,256,256
0c445b0b5836304e,1024,819,256,256
0c45c7412448253e,1024,752,256,256
0c4661be0c85fb56,1024,768,256,256
0c470855b158aff0,722,1024,256,256
0c476a549e221746,685,1024,256,256
0c4c96920f2edc58,1024,796,256,256
0c52b60fe0d34761,681,1024,256,256
0c53d2d433121cd9,683,1024,256,256
0c555ed0ca1532f4,695,1024,256,256
0c55e0e74c84cb7c,1024,1019,256,256
0c5625211e0379a0,681,1024,256,256
0c5d8bfa724854ed,1024,683,256,256
0c5f43664a2971ef,1024,680,256,256
0c6571830355cc64,983,1024,256,256
0c65b2817831c528,1024,712,256,256
0c65f62240be34fc,1024,768,256,256
0c6766040c93aeee,1024,814,256,256
0c6b4b42c142c45a,1024,1024,256,256
0c6dfac064caeca5,1024,768,256,256
0c70689505bb1b10,1024,768,256,256
0c72404c0c933adb,768,1024,256,256
0c728b37296b78b3,1024,986,256,256
0c7416f3e41c5fa0,770,1024,256,256
0c75f108cbb1e31d,1024,768,256,256
0c764ef1adb12074,1024,683,256,256
0c774389ca93f562,1024,683,256,256
0c788b7c04b8267f,1024,681,256,256
0c79f6e785e1fe11,1024,683,256,256
0c7a0cb8615e2694,773,1024,256,256
0c7d33ad206493f7,1024,768,256,256
0c80857bb7390928,606,1024,256,256
0c832d5620ef7dfc,683,1024,256,256
0c83a6b67dbfea68,681,1024,256,256
0c873ccc94743812,1024,687,256,256
0c876da55541b9ff,1024,683,256,256
0c893490e8169fb9,1024,576,256,256
0c89998791a0afa4,1024,683,256,256
0c93becbf79d4485,1024,768,256,256
0c97c5f8f2ad407f,768,960,256,256
0c9b019c1d133816,1024,1024,256,256
0c9ba647ffeb5c55,1024,580,256,256
0c9d6213e7d64171,1024,683,256,256
0c9e3f8b92f9f050,1024,853,256,256
0ca01ba42516a4bd,683,1024,256,256
0ca0d22c291907d0,1024,1024,256,256
0ca439d41dd17dc8,688,1024,256,256
0ca4ddabfc62104f,778,1024,256,256
0ca5cdf27c5c9f3a,765,1024,256,256
0ca8404090228c39,1024,1024,256,256
0ca8bba06a27f9ba,678,1024,256,256
0cad4b4e586fc622,1024,1024,256,256
0cad92ad6b40429a,1024,768,256,256
0cae65a299b1d3f9,681,1024,256,256
0caefa9fb3c0bc9e,1024,683,256,256
0cafaafbe41cf103,1024,685,256,256
0cb13c8a8a20b1d3,686,1024,256,256
0cb2719714d1ab9e,1024,683,256,256
0cb2e4bc432f7165,1024,556,256,256
0cb7b11cedbc5be2,683,1024,256,256
0cb7bcac7e7e5dbe,560,1024,256,256
0cb7cc0eb922e3b6,680,1024,256,256
0cb903e62da804e8,1024,946,256,256
0cbae376dc406d65,1024,683,256,256
0cbb15c01c2be08f,1024,683,256,256
0cbb17ee0134e7ce,1024,681,256,256
0cbb2ff625763ce0,1024,682,256,256
0cbbb77f97712178,733,1024,256,256
0cbc4d8986a9acf9,1024,683,256,256
0cbc978ddb1e93ab,1024,768,256,256
0cc377020aecad08,768,1024,256,256
0cc6fd9faee28a57,574,1024,256,256
0cc9bcde5d728944,683,1024,256,256
0cc9c2eecd9fb3e4,1024,683,256,256
0cc9ffb9516f7a58,1024,685,256,256
0ccfb9642a29e5c7,1024,683,256,256
0cd16b4258f8c928,683,1024,256,256
0cd17fe2658bd046,683,1024,256,256
0cd221534118e1d3,1024,768,256,256
0cd2afa644f96259,1024,683,256,256
0cd4160632839e05,724,1024,256,256
0cd42ca717a4f107,1024,732,256,256
0cd5503f4a6bf1bf,1024,618,256,256
0cd73e14eb57b9cc,683,1024,256,256
0cd8fbcd70357eee,1024,819,256,256
0cdb876e43fcd8a1,1024,683,256,256
0cdc0e22fffe78b6,682,1024,256,256
0cdca1403d54c4ff,1024,800,256,256
0cde3024a93cc817,1024,768,256,256
0ce0cd96512b238e,1024,683,256,256
0ce4d789e785251a,683,1024,256,256
0cea2d3bc54fd94c,768,1024,256,256
0ced590c7b0f34bb,1024,685,256,256
0cedcd71a709e9ec,1024,683,256,256
0cef62ab66331f4f,1024,958,256,256
0cefb3e882d6bdfe,1024,821,256,256
0cf064625aab0297,1024,1024,256,256
0cf14e56389ad66a,681,1024,256,256
0cf5902840a1b2b4,787,1024,256,256
0cf759c4c0bf5872,1024,768,256,256
0cf8a15218ebac6e,1024,739,256,256
0cfcb2eec33e6c89,768,1024,256,256
0cfd179cd88ef317,732,1024,256,256
0cfd1d4b768a88f3,1024,792,256,256
0cfdf7992a02c404,644,1024,256,256
0cfe7dd61b76cade,1024,683,256,256
0cff6f86de21ac1f,683,1024,256,256
0d0014d071c8d5e7,768,1024,256,256
0d00a320c6b5ea46,1024,576,256,256
0d03745424ba83cc,768,1024,256,256
0d046e9619ddcb99,1024,384,256,256
0d0a9cf6a95fece7,1024,683,256,256
0d0b490ba95046ae,686,1024,256,256
0d0b5de0ff34f486,899,1024,256,256
0d0c1517c2c5d25e,683,1024,256,256
0d12d4dd11ff24c2,1024,683,256,256
0d133cb6e5231b58,1024,731,256,256
0d1416035ea0016e,768,1024,256,256
0d14d4d429cdc25a,1024,1024,256,256
0d170b2dea37cb90,1024,885,256,256
0d188b459a31cdd3,1024,563,256,256
0d189959a5c9cdf5,695,1024,256,256
0d1a8993c75a8d61,1024,768,256,256
0d233c560bdc0edd,683,1024,256,256
0d242c2a617e5c22,625,1024,256,256
0d24e476d4e1a8e3,1024,680,256,256
0d266ab96d167054,682,1024,256,256
0d2865d9a0a014ad,1024,686,256,256
0d28bc2dd09a9ffe,1024,682,256,256
0d28fd2d8658f5ca,1024,768,256,256
0d29d86224d9a854,1024,683,256,256
0d2e15c18b22e43a,683,1024,256,256
0d31f0e8889c4b27,679,1024,256,256
0d337c4f52d0330e,1024,683,256,256
0d3552244f815943,1024,768,256,256
0d3685d2cd35af01,1024,682,256,256
0d37c0650e5cd6b0,1024,683,256,256
0d39bbbefc8994d9,682,1024,256,256
0d39e93d81c0fbd7,1024,768,256,256
0d3cfe012324a5d1,1024,768,256,256
0d3e3bf2410d9de9,768,1024,256,256
0d43b0f476eb8cc4,1024,683,256,256
0d4430559100bd82,1024,683,256,256
0d44f442f7f3d879,1024,682,256,256
0d4ccbb00a776042,1024,768,256,256
0d4d0c2b2b92c19b,703,1024,256,256
0d4d3505448be0eb,806,1024,256,256
0d4db8b3fb27d66f,1024,768,256,256
0d519fdfd2f4e675,1024,681,256,256
0d56a412cb54ddbf,1024,739,256,256
0d574e297bf42ad9,683,1024,256,256
0d577ce39eb4338e,1024,614,256,256
0d5ffab0b5f2155c,683,1024,256,256
0d6312138c7e42fe,1024,686,256,256
0d6585780f756ad6,1024,576,256,256
0d6603f5e0953008,681,1024,256,256
0d66fe2d4694564e,683,1024,256,256
0d67a149838d770b,1024,768,256,256
0d67c68205e24df4,768,1024,256,256
0d684ba576891fb8,1024,768,256,256
0d684bdf0a8bef9a,1024,683,256,256
0d68dd736b28bcd6,1024,671,256,256
0d6a77fb72285ea0,1024,768,256,256
0d6acc222051e8ef,1024,636,256,256
0d6b2901b412e464,1024,683,256,256
0d6b5adb39e390a1,686,1024,256,256
0d6bbca2f3fe8e54,1024,683,256,256
0d721f5a387f930f,1010,768,256,256
0d74c39ecd7614ed,1024,681,256,256
0d79dd27fa4a271b,1024,682,256,256
0d7a2e0f73c210ac,683,1024,256,256
0d7c67138a166bb3,630,1024,256,256
0d7d5a757ede84c5,896,1024,256,256
0d7df0fd4adc4047,726,1024,256,256
0d7e1056a5687855,1024,681,256,256
0d7ecb1d919769c9,1024,679,256,256
0d7ef0459d9c81c0,770,1024,256,256
0d7fbf1b9aaa43c7,1024,768,256,256
0d84c11d11001474,683,1024,256,256
0d84e2584186307b,768,1024,256,256
0d86a2e48bf219f6,1024,729,256,256
0d895c7bce970254,1024,768,256,256
0d8a33ed442c2d45,1024,683,256,256
0d8f62660b00073e,1024,768,256,256
0d93ad2cd2bd57df,1024,683,256,256
0d96e9cda245e292,1024,683,256,256
0d9b318d321d069d,683,1024,256,256
0d9b6a41549528ef,768,1024,256,256
0d9be386c609af9e,1024,681,256,256
0da04c56c0c31f91,1020,1024,256,256
0da0bdaea2e1faa8,1024,664,256,256
0da538d126848552,1024,768,256,256
0da63c77bed03e0d,1024,681,256,256
0da88fdfb88d1cde,1024,768,256,256
0dac232da1e3b34f,1024,786,256,256
0dac97a65f6bd353,1024,683,256,256
0dae6e8c33043dad,680,1024,256,256
0daf1a4cff7f8be6,683,1024,256,256
0db2414a468134b6,1024,682,256,256
0db4001c1343119a,1024,683,256,256
0db77a5f4d23e927,683,1024,256,256
0db79d0d8d602066,1024,681,256,256
0db8ef1f0508a724,1024,796,256,256
0db9049d76eb78b0,663,1024,256,256
0dbb03fd402f3dc9,1024,678,256,256
0dbb9bd1407c43b4,1024,1024,256,256
0dbe9abcd0f608d3,819,1024,256,256
0dbec74c59a718e6,1024,768,256,256
0dbeef79bf8382a3,1024,768,256,256
0dc3294b254a9bcd,1024,1024,256,256
0dc36451b8495f92,1024,684,256,256
0dc7e146d4368e7d,1024,681,256,256
0dc858ea63f8de07,1024,683,256,256
0dca3d829a5a5154,1024,683,256,256
0dcb06d9e3ab093a,1024,683,256,256
0dcdc4e70cce5585,650,1024,256,256
0dceadcae5384582,1024,943,256,256
0dd339a05a31b3aa,1024,683,256,256
0dd3a78d738e6f06,685,1024,256,256
0dd57a3acf14f8c4,1024,945,256,256
0dd646c1c44c96b7,805,1024,256,256
0dd9e59b5f3856b5,797,1024,256,256
0de48a1b0731e876,1024,680,256,256
0de5e71a9bc05e22,683,1024,256,256
0de8b52f99ecc0cd,1024,768,256,256
0dee0b480c566a71,1024,768,256,256
0deec50fc3198dc5,1024,683,256,256
0df11764e6820eba,1024,680,256,256
0df132368ef6660e,545,1024,256,256
0df1fd4740cc13e6,1024,771,256,256
0df465f88d410763,557,1024,256,256
0df483e0fbd6e70c,768,1024,256,256
0df5877ddc2d99df,789,1024,256,256
0df5d479d59495ce,1024,683,256,256
0dfb48701de4326d,1024,706,256,256
0dfe4268aa93b11b,1024,727,256,256
0dfe99e6d78857f5,1024,768,256,256
0e0430c3ce17567a,1024,768,256,256
0e0483100fc98e13,768,1024,256,256
0e04c163502efbe7,1024,683,256,256
0e0567491eacf7e7,1024,683,256,256
0e074642dd9861d3,1024,684,256,256
0e0e23dd85ad4b71,707,1024,256,256
0e0e89fae81dcb78,1024,768,256,256
0e112dce560fbef0,1024,680,256,256
0e15d9f01cb8ac88,828,1024,256,256
0e16830eba368d6c,683,1024,256,256
0e1c19c0f7a21663,1024,844,256,256
0e1c4a2be518a911,1024,681,256,256
0e1c7c02f9137446,650,1024,256,256
0e1fb6aefa68b0e3,1024,768,256,256
0e23ee8b7ed80d44,1024,678,256,256
0e25a2f93c0fbdfb,630,1024,256,256
0e2896c323dd6ef9,1024,682,256,256
0e289c08bbddaf2b,768,1024,256,256
0e2da1072cfb3aaa,686,1024,256,256
0e2e3ec798a4546e,683,1024,256,256
0e2ed6c646244cf8,683,1024,256,256
0e34613c7e87429a,1024,768,256,256
0e3a985a147a8d68,1024,683,256,256
0e3bb861bb6657c4,1024,768,256,256
0e3c3b65a80bcade,680,1024,256,256
0e3cab624da6ab83,683,1024,256,256
0e41d6d945f6bbc5,1024,682,256,256
0e4337779b656509,1024,682,256,256
0e449a3db8cf9198,1024,683,256,256
0e464145f860bb24,1024,683,256,256
0e46fa4f00c23008,1024,768,256,256
0e479b2575793f2d,1024,768,256,256
0e4d610b6f259cb4,1024,683,256,256
0e4dd6a3a25f4d88,1024,768,256,256
0e50c544825841a1,1024,681,256,256
0e525cb25b2a9750,1024,666,256,256
0e5917c3be6b55ef,1024,683,256,256
0e5aba95939d92ee,1024,732,256,256
0e5bb55549e8b8ad,1024,978,256,256
0e5bb7c6ac88d2d2,637,1024,256,256
0e5dc5629dcb31d6,753,1024,256,256
0e5e41fc44ff4815,1024,680,256,256
0e5f16bbe85b284c,1024,680,256,256
0e63ef16fe29e0ec,683,1024,256,256
0e63fb29335971fb,686,1024,256,256
0e6738194162c1a5,1024,768,256,256
0e67f33ccdd17c25,1024,768,256,256
0e689d51129c2b00,683,1024,256,256
0e6aa0cd49711aa1,683,1024,256,256
0e6e0630dbe54dad,749,1024,256,256
0e70264c5a6c25ff,680,1024,256,256
0e7143bdf03e16c0,686,1024,256,256
0e72911ab3cf5350,1024,683,256,256
0e735043e094f8ab,681,1024,256,256
0e73dbe54fea0f4a,1024,676,256,256
0e7587aacdfcd825,1024,681,256,256
0e7885ba2bf74b6b,1024,768,256,256
0e79a696b9be4f80,612,1024,256,256
0e7e0e5c55296e3c,768,1024,256,256
0e7e862381b9ab77,1024,768,256,256
0e85e8c942ca80b0,1024,732,256,256
0e888cda1e8bd6a9,1024,689,256,256
0e88b4ba6b9800ef,682,1024,256,256
0e8aa789a7eeb55b,1024,383,256,256
0e8c89f30173fdd4,614,1024,256,256
0e8d348c1eb82b80,682,1024,256,256
0e8d3aa5c852ea9b,1024,683,256,256
0e8d797536a35a02,1024,1024,256,256
0e8f6e69a474bf0a,1024,681,256,256
0e9059d00a729c55,768,1024,256,256
0e92c3fca02cd1c2,1024,799,256,256
0e971ab8d82ab264,683,1024,256,256
0e9966952a63a721,1024,902,256,256
0e9bc23574a959dd,683,1024,256,256
0e9ec31e863bf458,619,1024,256,256
0e9f200c8c55c968,1024,679,256,256
0ea0f4e487d550c6,987,1024,256,256
0ea2ee75a139162e,683,1024,256,256
0ea4729a14b82537,726,1024,256,256
0ea640954c46f159,1024,682,256,256
0ea6aa8c6fcdc381,1024,683,256,256
0ea7fdf96236a916,1024,683,256,256
0ea8f62c6ecc94b3,685,1024,256,256
0eab65dd47124410,1024,684,256,256
0ead85f1e4512bdd,1024,683,256,256
0eb016d1fcca3d48,1024,665,256,256
0eb4367810c6e9f0,683,1024,256,256
0eb4efe47bd7848b,1024,765,256,256
0eb9b5eb9465451c,651,1024,256,256
0ebab529c1f88942,1024,683,256,256
0ebf56e2d4561815,768,1024,256,256
0ec05343f799ba8b,828,1024,256,256
0ec1aa041229f30e,1024,768,256,256
0ec79fa5e4c51652,683,1024,256,256
0ec846ce9e694eff,576,1024,256,256
0ecdd745f741dbb1,1024,768,256,256
0ece0a86fd6a8c86,715,1024,256,256
0ecee31bd31fd283,659,1024,256,256
0ed02a38e128e0f8,1024,691,256,256
0ed710ae91e17570,1024,683,256,256
0ed78d4e1cdecd63,768,1024,256,256
0edb51832388ca67,1024,703,256,256
0ede3a7ffbd75d1f,1024,682,256,256
0ede7752c9360f5c,1024,683,256,256
0ee3b8a62c691674,683,1024,256,256
0ee41bc283c3c9a7,711,1024,256,256
0ee5d6d5ace4324f,683,1024,256,256
0ee6025cd5cb1c48,1024,1024,256,256
0ee7c674dbe7d75a,1024,1024,256,256
0ee81f6f65f7dfab,1024,683,256,256
0eea19c9d531397a,1024,688,256,256
0eec9894d3b5535f,1024,768,256,256
0ef126e84cad8d12,1024,683,256,256
0ef12a5fa3384373,1024,681,256,256
0ef2c3d102ca10be,683,1024,256,256
0ef3d8daafeffcb0,1024,684,256,256
0ef4df096f2357ca,1024,768,256,256
0ef739cc1ee72553,1024,680,256,256
0ef87e5f86e781be,667,1024,256,256
0efa15e3caef42c1,1024,681,256,256
0f0041e68a8f3cfa,659,1024,256,256
0f063a2f9d5200fc,1024,768,256,256
0f0ae06dcb247cdb,1024,768,256,256
0f0c19b003bf7b6a,682,1024,256,256
0f0e7138ae2f1761,768,1024,256,256
0f0fc5ad6145cb0a,741,1024,256,256
0f1221e3da45196a,1024,768,256,256
0f164c17f3de4ea7,683,1024,256,256
0f17ebadc452ef3f,1024,683,256,256
0f195d6465d70ff8,768,1024,256,256
0f1bc6ba86b92ed4,1024,767,256,256
0f20e0e66387fa08,628,1024,256,256
0f21e0f440af2673,683,1024,256,256
0f2300cbeb19b089,768,1024,256,256
0f2723199a1b743a,1024,805,256,256
0f27e7dc2c5117c2,682,1024,256,256
0f28969527183449,1024,768,256,256
0f2d087bb8debb1e,686,1024,256,256
0f2ea0907744967c,1024,681,256,256
0f302798e9fecd88,1024,683,256,256
0f35a0720c9b44d3,683,1024,256,256
0f3eeca99653b183,1024,1024,256,256
0f3eff6018c2f8bc,1024,682,256,256
0f3f09cf4d92a0c6,683,1024,256,256
0f40ab8320da41ee,799,1024,256,256
0f40ed252b1549e8,1024,683,256,256
0f42c4eaeaa6ccd1,1024,683,256,256
0f441f0269f0e8cc,683,1024,256,256
0f44594a6b23f910,1024,784,256,256
0f49fb2dafcf892a,1024,683,256,256
0f4b5cd3284cb6d0,1024,768,256,256
0f4e9506eb7932c9,1024,908,256,256
0f500fdbae11062a,654,1024,256,256
0f52252cbbdced3e,683,1024,256,256
0f54ee7b2eaa8bde,1024,681,256,256
0f5b3d83f7430499,1024,678,256,256
0f5cf1d61476e7d4,734,1024,256,256
0f5e9d7ebbb65897,1024,680,256,256
0f66304520ed1c52,683,1024,256,256
0f690e431aedbb4b,1024,686,256,256
0f6c28541d5ea1b1,1024,681,256,256
0f6c3aaf6212b839,1024,683,256,256
0f6d15006fded8b1,1024,689,256,256
0f70ec968481dcca,1024,683,256,256
0f722e46cf908b57,1024,945,256,256
0f72839565e663cb,1024,768,256,256
0f7350a1ca963b32,683,1024,256,256
0f7368f8fd2f517a,1024,768,256,256
0f74fe0a59771077,722,1024,256,256
0f78f38c316c3929,1024,683,256,256
0f7caea4c42212aa,1024,683,256,256
0f8500710ca94ad9,768,1024,256,256
0f852795809c33fa,1024,771,256,256
0f85721ff50c8000,683,1024,256,256
0f87d0816e5cb9f5,979,1024,256,256
0f89a0a13178d52a,751,1024,256,256
0f8aa349b78490c3,686,1024,256,256
0f8ca4169df54095,1024,1024,256,256
0f8f3a6368b23218,1024,870,256,256
0f8fba7f8f0c84a1,1024,553,256,256
0f9165d227090c3f,723,1024,256,256
0f950be2598d60fb,768,1024,256,256
0f97c08db6284c26,683,1024,256,256
0f984e3dc937f22f,768,1024,256,256
0f990b9356cf81f6,1024,768,256,256
0f997689388bf99a,1024,768,256,256
0f9a92c8b74bab10,682,1024,256,256
0f9b19b162a5f8ff,1024,687,256,256
0f9f2ff216ebb4dd,585,1024,256,256
0fa1f8d4131732ad,1024,768,256,256
0fa20649d46448fc,1024,683,256,256
0fa3168a8ca27011,1024,791,256,256
0fa4c749eef2dee7,1024,768,256,256
0fa8bf305bf8bcf1,686,1024,256,256
0faa72f8a7dc4a5a,1024,687,256,256
0faac9d500a4ff36,1024,768,256,256
0fabd70214495c01,1024,732,256,256
0fac22abb2c529e6,883,1024,256,256
0fb2faf741a1908c,1024,768,256,256
0fb7e0d5cc7dc44a,1024,680,256,256
0fbb4120aaa38aeb,1024,685,256,256
0fbd5fe4079b00f9,631,1024,256,256
0fbf1183937fad1c,1024,667,256,256
0fc01e0e7519856a,683,1024,256,256
0fc1a2491a8c6361,1024,678,256,256
0fc505d844fcea64,682,1024,256,256
0fc55817a9d5afb5,621,1024,256,256
0fc679180b679a87,720,1024,256,256
0fca4557d3c40954,1024,768,256,256
0fcf21e79ebf5c86,768,1024,256,256
0fcf5cb58d01bedc,681,1024,256,256
0fd02489d3666501,645,1024,256,256
0fd14fb60e5538e4,683,1024,256,256
0fd20559b5658a5b,678,1024,256,256
0fd38ede4e868fcb,1024,694,256,256
0fd6940fd4d33a1e,683,1024,256,256
0fd726763b6ee5ea,1024,768,256,256
0fd78b97a5267547,683,1024,256,256
0fd7a9d5dabe563c,1024,723,256,256
0fd7cc0d2442242c,1024,366,256,256
0fda3f61e225be52,1024,844,256,256
0fdaa2a8cf16fe3d,731,1024,256,256
0fdbf2cc8eac7651,683,1024,256,256
0fdd3ae6ef424baa,1024,683,256,256
0fdd69e65ea3f9fe,1024,769,256,256
0fe28aa382dae534,1024,768,256,256
0fe47c4acdfb7244,1024,680,256,256
0fe47ca2cdea99b1,683,1024,256,256
0fe74dfcf5fc22ba,1024,768,256,256
0fe81ec2b36fa6e8,770,1024,256,256
0fe9bebe2c11d254,683,1024,256,256
0feb534a6b7c7a72,1024,685,256,256
0fee593ff6ba334f,1024,682,256,256
0ff4201f1cb29337,1024,755,256,256
0ff4c73b0ed9444e,1024,749,256,256
0ff5a13ccd19d653,683,1024,256,256
0ff686d8b8f49c05,1024,768,256,256
0ff74ffebd8019dd,426,1024,256,256
0ff7c13b35688b05,1024,680,256,256
0ff83631a56ef755,1024,682,256,256
0ffa1a28ad36805a,1024,847,256,256
0ffaa706ba8b7114,624,1024,256,256
0ffcbd346a01697b,1024,681,256,256
0fff0d76bc170a35,1024,690,256,256
10019000d6971c8b,683,1024,256,256
100472c86ed96dec,858,1024,256,256
100484acbdcdc370,1024,683,256,256
10064ab3a3d62a3b,767,1024,256,256
1007fee6476e216a,1024,626,256,256
100ad23d16ace888,1024,683,256,256
100c920bb4226627,1024,683,256,256
100d8ce7b828260e,768,1024,256,256
101215198697f03c,1024,683,256,256
10137088b838b0f2,762,1024,256,256
101404023486a860,1024,699,256,256
1015a42fb2231998,684,1024,256,256
10181ebbd9fbc47e,1024,724,256,256
101b1c01b5e517ce,1024,681,256,256
101d121987c29435,1024,683,256,256
101f819b139f8cdb,1024,1024,256,256
10205d758f796a21,577,1024,256,256
10211d01e0c7bf38,1024,683,256,256
10235ca1504f1220,1024,769,256,256
1023c9ce820c0e3d,768,1024,256,256
102552ff5906b707,683,1024,256,256
10259a89ec6ac7db,1024,1024,256,256
1027fd7b2d7d2a40,1024,768,256,256
102b7bae65e3a987,574,1024,256,256
102bb879ec1240f8,768,1024,256,256
102c0fd0ce165fa3,1024,683,256,256
102cb75daea18427,686,1024,256,256
102d8bab053f3ac6,1024,731,256,256
102f387b00cc2431,1024,681,256,256
103122defd4c5316,1024,1024,256,256
10314a28ea55c3c4,768,1024,256,256
1031bd0045465b96,1024,612,256,256
10328f657477464d,640,1024,256,256
10337c852844c973,683,1024,256,256
1038595a9784370d,683,1024,256,256
103a6646ba16448f,1024,685,256,256
103d1265b03f5cf3,683,1024,256,256
103ff5a98eb575c2,768,1024,256,256
104243f3514d7c9f,1024,749,256,256
1042ef0427dc76da,683,1024,256,256
10438e06524b8f31,643,1024,256,256
1043ef7e5a7a7a6f,1024,768,256,256
104940e0d07fbddc,640,1024,256,256
10496e42265c152e,683,1024,256,256
104aef0baf175c20,1024,681,256,256
104b629953d440c1,607,1024,256,256
104dc9772c8d5961,1024,680,256,256
10508aa5a4f7cb38,1024,681,256,256
1051c1199957d5c4,683,1024,256,256
1052659dc6aa9cec,681,1024,256,256
1052f18e32dfffc3,1024,704,256,256
1054337ef4cf4f00,682,1024,256,256
10568399815fa91d,686,1024,256,256
1059a648e18fd1b6,1024,768,256,256
106204cd0e07e1b2,768,1024,256,256
10622d3fff19253a,1018,1024,256,256
10657910dd51c4e1,683,1024,256,256
106696440e8f3443,1024,683,256,256
106851473c34a0bc,1024,683,256,256
1068b2619edbd664,1024,768,256,256
1068ca8f3b5cc87c,1024,768,256,256
106b48025a49754d,683,1024,256,256
106c0a9da456bb14,1024,686,256,256
106e3efe1fbef103,686,1024,256,256
106e7a5066af1ca6,681,1024,256,256
1071f6ebbdf8b2e7,631,1024,256,256
10757773d735a6e8,1024,682,256,256
10777d66b86c7d58,1024,683,256,256
1079c9bb8b3e70f5,683,1024,256,256
107ac3a59338fa7a,1024,683,256,256
108156374cba3e42,1024,684,256,256
10829be247b00cfc,1024,687,256,256
1083a1b80ffbd05d,768,1024,256,256
1083fc67a88996d0,680,1024,256,256
10845e4a69ffe53b,659,1024,256,256
10855f97c2419627,680,1024,256,256
1086b10b1e98e057,709,1024,256,256
10871f3d3d721892,681,1024,256,256
10879c6d74a85bd9,1024,1024,256,256
1087c9a3fd56e306,1024,681,256,256
1087e4082bb234b2,1024,768,256,256
108899090ad39855,1024,748,256,256
108a30e5bd9d5d96,683,1024,256,256
108c1ddd7ee442c8,1024,768,256,256
108eeed9b72b4105,1024,680,256,256
108efb324eb691df,1024,686,256,256
1092f7942fde1b96,1024,768,256,256
10934dea3ddf4f88,1024,679,256,256
109361d759b1e318,683,1024,256,256
1093f9e38d732c28,623,1024,256,256
109470bb8bad63bd,1024,684,256,256
1097db7307c92ea3,1024,683,256,256
1097e20c2b73920f,1024,682,256,256
1099a3f4395f2649,683,1024,256,256
109ab1f8bf050942,782,1024,256,256
109bdab7a9882cbc,683,1024,256,256
109d7cc709724aa7,683,1024,256,256
10a332c9be5c0395,1024,768,256,256
10a33d7ea77ac4ef,768,1024,256,256
10a39bd3bbb9b93d,683,1024,256,256
10a90e058e58bfa2,1024,721,256,256
10a9b4f7dfcadce7,1024,768,256,256
10a9d12152362a4f,1024,683,256,256
10ab0855d14d1fd7,768,1024,256,256
10ab71b2a99a50ba,1024,1024,256,256
10abe542391de2a8,953,1024,256,256
10adae4bd1ca4e94,1024,1024,256,256
10b1f1abe95c7971,684,1024,256,256
10b23adf9cb75f0e,1024,683,256,256
10b3f8ae32a95fa6,1024,627,256,256
10b417f81a5c390c,4320,3240,256,256
10b45987e87ec17d,768,1024,256,256
10b679f8e6f373e6,614,1024,256,256
10b8de0b92817753,685,1024,256,256
10ba5d43aaa0a62c,685,1024,256,256
10baad2faac93f6e,1024,822,256,256
10bb855d1cc9132d,768,1024,256,256
10bbf8f07ee27115,1024,678,256,256
10be7afe5a891138,685,1024,256,256
10c41b4f4d5d6c33,1024,446,256,256
10c673ea8763c297,1024,685,256,256
10c7f8fe97741bb5,1024,682,256,256
10c9a09b084603ca,611,1024,256,256
10ce86a565a362fa,1024,680,256,256
10d66c651df2bdd7,678,1024,256,256
10d6cd1b7648b072,1024,819,256,256
10db86080a842808,1024,694,256,256
10e13f8601154819,576,1024,256,256
10e1b4f9bdfd3c7a,1024,684,256,256
10e4de4c8ec5a6d6,1024,683,256,256
10e5415f5f884bfa,1024,683,256,256
10ea186bb1cb9610,1024,683,256,256
10ec6b1a2997ad04,1024,683,256,256
10edb08b5274ae4e,683,1024,256,256
10ee55393692b765,786,1024,256,256
10ef678b27956f57,1024,683,256,256
10f0f14d68c61ac2,1024,646,256,256
10f0fa7e1d04c572,1024,683,256,256
10f4a8700da682c6,714,1024,256,256
10f62b793cafad41,683,1024,256,256
10f69ee1bb20f125,685,1024,256,256
10f8705afe13d13d,1024,735,256,256
10f877f9f903ac3a,716,1024,256,256
10f8e37527d4b766,705,1024,256,256
10fc2b6ff627b713,1024,1024,256,256
10fe2201e4b2a60c,683,1024,256,256
1100e89224b56147,480,1024,256,256
1103aa5086e64bb1,1024,683,256,256
110494a790d4612c,683,1024,256,256
1105963400880491,1024,768,256,256
1105ab25a4299538,683,1024,256,256
1106a7aacc04386f,1024,768,256,256
1109bc4407dac11d,1024,768,256,256
110d69fbafc723c8,1024,819,256,256
110f19b475a2214d,768,1024,256,256
1112a16937091e98,1024,682,256,256
1114014688b0088f,683,1024,256,256
111494191e3164ce,1024,873,256,256
1116e9abf211befc,683,1024,256,256
11172f84b8a0df5a,663,1024,256,256
1117d526405b4085,1024,768,256,256
11185f54f984fe20,1024,763,256,256
111a75d4026919e1,634,1024,256,256
111bc0d56caf82a0,1024,683,256,256
111c1d2df4981bec,682,1024,256,256
111ff86d921fc932,1024,835,256,256
11222bdc60b5acbf,1024,768,256,256
1124839be0b13586,1024,768,256,256
1124d692613ebbca,732,1024,256,256
112772a4c1d25c9a,1024,626,256,256
1127a9b4b18b5ce7,1024,569,256,256
1128a19b2aeab08a,1024,682,256,256
112d15a48cde6c7a,768,1024,256,256
112e22a2437df84a,1024,576,256,256
112e9a23ea2d3ba3,687,1024,256,256
112f22d4d312f470,1024,822,256,256
11303ae49dca42e8,1024,683,256,256
1130421ab738e4dc,1024,683,256,256
1130990c72dd4d8d,1024,683,256,256
113101895405e392,1024,682,256,256
11326eb336dbba9e,1024,691,256,256
113617923828359e,1024,652,256,256
11379e8c39c72bc2,1024,768,256,256
113a34183b9aca03,1024,682,256,256
113ae765185eeba3,1024,683,256,256
113ece738d078586,683,1024,256,256
114041f72acc899c,731,1024,256,256
114197dcebf4a205,768,1024,256,256
1143d61ce5ba02bc,1024,681,256,256
1146b45d0cc33d3d,681,1024,256,256
11488d2056020f9d,683,1024,256,256
114b4e535dbffab0,1024,680,256,256
114dd5e60a3983d9,1024,768,256,256
115385a683364c18,739,1024,256,256
1156335de7378f09,762,1024,256,256
1156b5c530575c07,723,1024,256,256
1156c706228f0879,663,1024,256,256
11573325d4182be3,576,1024,256,256
1158947dce5fee09,1024,683,256,256
115c17b69b8b6762,1024,683,256,256
115c5b192b596023,1024,640,256,256
11617e93f1a4989c,768,1024,256,256
11632d5a2e41ab49,1024,768,256,256
1167cce1a012f338,1024,768,256,256
116bf1e0498a0bf3,683,1024,256,256
11714230d7792b33,1024,683,256,256
117967f208e20615,1024,768,256,256
1179b80b6b1a3c4f,1024,826,256,256
117bcd7f94c10397,1024,727,256,256
117d32e3a5126e87,1024,1024,256,256
117e9ecb4620b5c2,1024,683,256,256
117f992e148b08ee,1024,765,256,256
11839663eb4dcfe3,1024,689,256,256
1183c2954f3f5a66,1024,683,256,256
1187244fc4c1d3ff,1024,683,256,256
11897a0501b00d29,1024,683,256,256
118a2fee8ff188be,1024,683,256,256
118a71a3a481ab78,768,1024,256,256
118ba282f168f456,1024,468,256,256
118c4f220157b0e1,1024,683,256,256
118ef26d7ac5fe72,680,1024,256,256
118fe3370043399d,819,1024,256,256
11973a3ea16fdf9e,991,768,256,256
1198fe5d050238d0,1024,681,256,256
119b67372b967117,1024,683,256,256
119bc46efae88b63,768,1024,256,256
119ccb64c2827140,1024,811,256,256
119e95b076b6c0d3,768,1024,256,256
11a190dededf0df3,768,1024,256,256
11a5b4c83925f997,1024,723,256,256
11a5f1dc3ca67c35,1024,683,256,256
11aa1126e77f4bc8,681,1024,256,256
11aa416fa1033bec,1024,683,256,256
11ae819f6229723d,683,1024,256,256
11b446ff63892fa4,1024,768,256,256
11be70a53c34f0ef,1024,512,256,256
11c0ed49cf5e7e89,1024,681,256,256
11c5559106015830,1024,683,256,256
11c6859c2120e5ab,1024,667,256,256
11c6a95463380254,576,1024,256,256
11c7aceb7ffedad9,679,1024,256,256
11c9d6aa4c70a28c,1024,768,256,256
11ca016740a68a13,1024,768,256,256
11cd988a592c7d30,687,1024,256,256
11cdc6a2767b00ff,794,1024,256,256
11cec3014bbbb857,1024,699,256,256
11d047da794de9b7,867,1024,256,256
11d44058f2ab5b93,765,1024,256,256
11d68aa653128de8,1024,681,256,256
11d90964505faeeb,1024,680,256,256
11dd72fc1178d9c5,1024,768,256,256
11df058a62b00961,768,1024,256,256
11e0a50f198b99d8,675,1024,256,256
11e0ee46927f8bd7,1024,768,256,256
11e247d7cd383569,686,1024,256,256
11e53e31c61c6217,768,1024,256,256
11e61d08527a78a4,1024,768,256,256
11e635e1df66f671,1024,768,256,256
11e70a872f9d9527,1024,683,256,256
11eb166bbfde7cf4,1024,768,256,256
11ee93b6be0b9b1a,1024,768,256,256
11f1d38eb7dfeda7,669,1024,256,256
11f3b74b85484fa9,1024,731,256,256
11f4f3749d986eeb,686,1024,256,256
11f78e60242b1d3c,683,1024,256,256
11f8519c0d5cc6b9,1024,685,256,256
11fa7274369e15bb,683,1024,256,256
11fb76ab8f32792c,683,1024,256,256
12096364a46b2454,837,1024,256,256
120b0067bdf8bf2a,1024,798,256,256
120b1c70bedbb57d,1024,683,256,256
120b43b58cdd6555,791,1024,256,256
120e978881a34df7,1024,683,256,256
12104ceeb77179d4,1024,822,256,256
121214c961b02806,1024,680,256,256
12137fb06852eb89,685,1024,256,256
121416165f2c75e3,1024,685,256,256
121658624e928945,1024,658,256,256
121a2f7dd277c561,683,1024,256,256
121a890eba7ccb43,1024,768,256,256
121ad6f8ee496881,1024,1024,256,256
121addf4352f6eb3,1024,683,256,256
121d746bddc9e751,682,1024,256,256
121e896c0450a5f8,1024,683,256,256
121f0d6ba7bb7237,1024,551,256,256
122052ff37cd42d5,1024,683,256,256
1220f6daebaf7907,1024,680,256,256
12219b71da726285,683,1024,256,256
12261390151c1e27,715,1024,256,256
12263d7b9bae7ceb,1024,680,256,256
122647cf9a8e3a6d,1024,768,256,256
1226c352515c5ef7,682,1024,256,256
12283d53b3947408,1024,678,256,256
122886578acceea8,731,1024,256,256
12289e7dac3a9e28,1024,680,256,256
122cfab35c8bb7aa,768,1024,256,256
122d8f5d6dbbbe03,683,1024,256,256
122e29fe0037d9b8,1024,683,256,256
122f1dc94da56459,819,1024,256,256
1230a569acac8679,1024,683,256,256
1232722e65822c75,1024,768,256,256
12372aafe62bf86e,683,1024,256,256
1237deb62af99a78,693,1024,256,256
123b66d0f73ab4f0,1024,684,256,256
123c9d91682aca06,726,1024,256,256
123e192725db9a07,1024,768,256,256
123e87748bab23ad,683,1024,256,256
124071499fddb1bd,1024,768,256,256
1241b66ed750ccef,683,1024,256,256
12430ac64ad99dd5,768,1024,256,256
124a645077b50d69,1024,768,256,256
124a9869db9a6e39,1024,746,256,256
124ab5d3cc826d6e,1024,679,256,256
124b90b60f9a5f2f,1024,680,256,256
124d4deed7c4db77,678,1024,256,256
124e1fbfe68e57b6,762,1024,256,256
1250415d1943ee7d,1024,768,256,256
1250b2a1330f04d8,1024,819,256,256
1253c76ec05ce280,768,1024,256,256
125acea7e8106915,683,1024,256,256
125af0e290deedf4,732,1024,256,256
125bb10473d52f8f,1024,683,256,256
125c1aa94d1d013a,1024,768,256,256
125c7f87e9d7a40c,1024,684,256,256
125d3093a2cd1048,1024,768,256,256
1262fce889c5b196,1024,768,256,256
1263ac7236ce0706,680,1024,256,256
1263f66391e22d4b,769,1024,256,256
12644e6c835c4bfa,1024,681,256,256
1264b98437d6e3fd,1024,768,256,256
126640c25f21520c,768,1024,256,256
1267254a7f4ac928,1024,683,256,256
126b328d88d65cf4,1024,681,256,256
126cb9800fbc01ef,768,803,256,256
126e237feabad7b4,681,1024,256,256
126f6433e7469247,1024,768,256,256
1270c037da7ef3ee,1024,680,256,256
1275b0d43b2e4612,683,1024,256,256
127721c3dcafb646,1024,683,256,256
127769fd5274f409,602,1024,256,256
1279316c614a674a,661,1024,256,256
127b3b48f0031778,768,1024,256,256
127b42b521a59c26,681,1024,256,256
127c44acacdeaef7,768,1024,256,256
1280a669a652d514,1024,682,256,256
1281387d713d9ad8,668,1024,256,256
1282038e8dff4ef8,1024,768,256,256
1282337d07334ce3,1006,1024,256,256
12830942d0041c08,669,1024,256,256
12855dbe73bfaf71,768,1024,256,256
128e9119ec361b78,791,1024,256,256
12900962756e86b4,1024,785,256,256
129305b565b5078e,1024,683,256,256
1294340abb66283f,683,1024,256,256
1297c44589253cc2,768,1024,256,256
1299e99a04a3f487,1024,683,256,256
129ad12c36c293fc,683,1024,256,256
129cc0c2b0fed0f9,1024,768,256,256
129e25ad874c58c1,1024,709,256,256
129f3b290cd05fc2,1024,1024,256,256
12a049c059564722,1024,683,256,256
12a0db394ea031e7,1024,768,256,256
12a18db3189dac0e,1024,768,256,256
12a48314e4b2f3d6,1024,768,256,256
12a5be4ee7ae8774,683,1024,256,256
12a883549ccaf014,686,1024,256,256
12a9c11b3c18048b,1024,768,256,256
12afc2f1d41ff293,1024,681,256,256
12b2598094240aed,1024,768,256,256
12b268e24e46e5ce,678,1024,256,256
12b2b247ae338302,1024,681,256,256
12b313af27c1fa9c,683,1024,256,256
12b3e071e87cdce1,1024,680,256,256
12b5b6f64b2c8fd1,1024,768,256,256
12b5e1c141e8ba68,1024,768,256,256
12baa917a2b70469,1024,680,256,256
12c0e7cda6756fa7,1024,683,256,256
12c2cb45928b3d69,683,1024,256,256
12c3d544a0fc5dc0,813,1024,256,256
12c8647fa02b2d4c,681,1024,256,256
12c998ae2f113302,681,1024,256,256
12ca86975963dbd3,810,1024,256,256
12cb96de9aad49e0,1024,768,256,256
12cc3196646ce753,1024,796,256,256
12cd38c10f801a21,744,1024,256,256
12cfa55afe3922af,1024,682,256,256
12d1410e28046c3a,1024,768,256,256
12d30f28b0810075,1024,683,256,256
12d45ff23f3fdf64,683,1024,256,256
12d4fbaf0fd2dc31,1024,768,256,256
12d5e679496020bf,1024,683,256,256
12d6899b98c80eb1,1024,890,256,256
12d6ec2608f6859a,1024,920,256,256
12d79ad1b34febc6,683,1024,256,256
12da84244b36b869,683,1024,256,256
12da9b6dcc26a40a,650,1024,256,256
12db9ec206345d63,751,1024,256,256
12e43c349587c976,1024,683,256,256
12e7afdda75fe1dc,1024,681,256,256
12ec4101c3e5b074,683,1024,256,256
12ee8db381bc8c20,1024,768,256,256
12f0accf325cdee8,685,1024,256,256
12f29117601dbf63,1024,683,256,256
